{
  "logistic": {
    "accuracy": 0.8688524590163934,
    "precision": 0.8125,
    "recall": 0.9285714285714286,
    "f1": 0.8666666666666667,
    "roc_auc": 0.9523809523809524
  },
  "decision_tree": {
    "accuracy": 0.7377049180327869,
    "precision": 0.6764705882352942,
    "recall": 0.8214285714285714,
    "f1": 0.7419354838709677,
    "roc_auc": 0.7440476190476191
  },
  "random_forest": {
    "accuracy": 0.9016393442622951,
    "precision": 0.84375,
    "recall": 0.9642857142857143,
    "f1": 0.9,
    "roc_auc": 0.9545454545454546
  },
  "svm": {
    "accuracy": 0.6885245901639344,
    "precision": 0.7142857142857143,
    "recall": 0.5357142857142857,
    "f1": 0.6122448979591837,
    "roc_auc": 0.7943722943722944
  }
}